Ehemaliges Regierungsmitglied,Datum,Kontakt zu:,Beteiligte (Gesprächsthema)
Eckart von Klaeden,31.08.2018,Wirtschaftsministerium,PSt Oliver Wittke
Ronald Pofalla,31.07.2019,Finanzministerium,St Werner Gatzer (LufV)
Eckart von Klaeden,31.07.2017,Bundeskanzleramt,StM Helge Braun (Automobilthemen)
Maria Böhmer,31.03.2020,Auswärtiges Amt,StM‘in Michelle Müntefering (Corona)
Brigitte Zypries,31.03.2020,Arbeitsministerium,BM Hubertus Heil (allgemeiner Austausch)
Dirk Niebel,31.03.2014,Entwicklungshilfeministerium,BM Gerd Müller (Gespräch nach Amtsübergabe)
Ronald Pofalla,31.01.2019,Bundeskanzleramt,"BK’in Angela Merkel, BM Helge Braun (Kommission „Wachstum, Strukturwandel und Beschäftigung“)"
Ronald Pofalla,31.01.2019,Umweltministerium,BM’in Svenja Schulze (Arbeit der Strukturwandelkommission)
Eckart von Klaeden,30.11.2020,Verteidigungsministerium,St Benedikt Zimmer (Telefonat zum Thema „Nachfolge geländegängige Personenkraftwagen der NLD Streitkräfte
Katherina Reiche,30.10.2019,Bundeskanzleramt,BM Helge Braun (Nachhaltigkeit)
Maria Böhmer,30.10.2018,Bundeskanzleramt,StM’n Annette Widmann-Mauz (Jubiläum 40 Jahre Amt der Integrationsbeauftragten)
Ronald Pofalla,30.07.2020,Verkehrsministerium,St Michael Güntner (Rahmenfinanzierungsvereinbarung & Knoten Stuttgart)
Ole Schröder,30.06.2020,Wirtschaftsministerium,PSt Thomas Bareiß (Mittelstandspolitik)
Ronald Pofalla,30.06.2015,Wirtschaftsministerium,BM Sigmar Gabriel (Wirtschafts- und energiepolitisches Spitzengespräch mit Branchenvertretern des Schienenverkehrs)
Katherina Reiche,30.04.2021,Verkehrsministerium,BM Andreas Scheuer (Nationaler Wasserstoffrat)
Hildegard Müller,30.04.2021,Wirtschaftsministerium,BM Peter Altmaier (Spitzenglättung)
Eckart von Klaeden,30.04.2020,Verkehrsministerium,St’in Tamara Zieschang (Gas-LKW’s)
Steffen Kampeter,30.03.2021,Wirtschaftsministerium,St’in Claudia Dörr-Voß (Corona)
Eckart von Klaeden,30.03.2020,Wirtschaftsministerium,"BM Peter Altmaier (Corona, moderne Antriebe, Digitalisierung, Handels- und Industriepolitik)"
Katherina Reiche,30.03.2020,Wirtschaftsministerium,St Ulrich Nußbaum (Corona-Krise)
Ronald Pofalla,30.01.2019,Finanzministerium/Verkehrsministerium,"St Werner Gatzer, St Gerhard Schulz, BM Andreas Scheuer (Strukturelle Weiterentwicklung der DB AG)"
Eckart von Klaeden,30.01.2018,Wirtschaftsministerium,St Matthias Machnig
Ronald Pofalla,29.11.2019,Verkehrsministerium,"BM Andreas Scheuer, Sts Michael Güntner (Unterzeichnung Finanzierungsabkommen S4 HH)"
Ronald Pofalla,29.11.2018,Bundeskanzleramt,StM’n Dorothee Bär
Steffen Kampeter,29.11.2018,Bildungsministerium,BM’in Anja Karliczek (BBiG-Novelle)
Steffen Kampeter,29.11.2018,Wirtschaftsministerium,"BM Peter Altmaier (Gründungsoffensive – Pressekonferenz mit DIHK, ZDH, BDA und BDI)"
Eckart von Klaeden,29.10.2018,Wirtschaftsministerium,BM Peter Altmaier (Deutsch-Ägyptische-Kommission zur Entwicklungszusammenarbeit)
Uwe Beckmeyer,29.07.2020,Bildungsministerium,PSt Michael Meister (Meeresforschung)
Ralf Brauksiepe,29.05.2020,Wirtschaftsministerium,PSt’in Elisabeth Winkelmeier-Becker (TKG)
Ronald Pofalla,29.05.2019,Finanzministerium,"St Werner Gatzer (Bundeshaushalt, u. a. Digitalisierung Schiene, Investitionen, Beteiligungsmanagement)"
Maria Böhmer,29.05.2019,Entwicklungshilfeministerium,PSt’in Maria Flachsbarth (SDGs)
Eckart von Klaeden,29.04.2020,Wirtschaftsministerium,St Ulrich Nußbaum (ShutDown Mexiko)
Eckart von Klaeden,29.03.2021,Wirtschaftsministerium,PSt’in Elisabeth Winkelmeyer-Becker (JointVenture Brennstoffzelle Daimler Trucks/Volvo)
Steffen Kampeter,29.03.2019,Bildungsministerium,St Christian Luft (BBiG-Novelle)
Ronald Pofalla,29.01.2020,Verkehrsministerium,St Michael Güntner (Bahnhofsprogramm)
Ronald Pofalla,28.11.2019,Finanzministerium,St Werner Gatzer (Mittelverwendung Eigenkapitalerhöhung 2020-2030)
Ronald Pofalla,28.11.2018,Wirtschaftsministerium,St Ulrich Nußbaum (Kohlekommission)
Ronald Pofalla,28.10.2019,"Finanzministerium, Verkehrsministerium","St Werner Gatzer, PSt Enak Ferlemann (LuFV III)"
Ronald Pofalla,28.09.2018,Wirtschaftsministerium,BM Peter Altmaier (der Kohlekommission)
Dirk Niebel,28.06.2018,Auswärtiges Amt,St Walter Lindner (Gespräch zu versch. Themen)
Brigitte Zypries,28.05.2021,Wirtschaftsministerium,"St’in Claudia Dörr-Voß (Telefonat, verschiedene Themen)"
Ronald Pofalla,28.05.2021,Wirtschaftsministerium,PSt’in Elisabeth Winkelmeyer-Becker (Aufsichtsratssitzung DB AG)
Ole Schröder,28.05.2018,Bundeskanzleramt,BM Helge Braun
Steffen Kampeter,28.05.2018,Gesundheitsministerium,"BM Jens Spahn, St Lutz Stroppe (Prüfungs- und AusbildungsVO Pflegeberufe)"
Steffen Kampeter,28.04.2021,Wirtschaftsministerium,St Ulrich Nußbaum (Regelmäßige Verbänderunde zu Corona)
Ronald Pofalla,28.04.2020,Verkehrsministerium,St Michael Güntner (Rahmenvereinbarung 1999/2)
Katherina Reiche,28.04.2016,Bundeskanzleramt,BM Peter Altmaier (Energiepolitik)
Eckart von Klaeden,28.04.2015,Entwicklungshilfeministerium,BM Gerd Müller (Telefonat im Vorfeld der Veranstaltung am 9.6.2015)
Steffen Kampeter,28.03.2019,Bildungsministerium,St Christian Luft (BBiG-Novelle)
Jan Mücke,28.03.2019,Wirtschaftsministerium,PSt Oliver Wittke (Tabakwerbeverbot)
Ronald Pofalla,28.02.2019,Finanzministerium/Verkehrsministerium,"St Werner Gatzer, St Gerhard Schulz (LufV)"
Katherina Reiche,28.02.2019,Wirtschaftsministerium,St Andreas Feicht (Kohlekommission)
Eckart von Klaeden,28.02.2018,Wirtschaftsministerium,St Matthias Machnig
Brigitte Zypries,27.11.2018,Justizministerium,BM’in Katarina Barley (Vorstellung der Deutsch-Israelischen Juristenvereinigung)
Eckart von Klaeden,27.11.2018,Wirtschaftsministerium,PSt Oliver Wittke (Gesprächsrunde Wirtschaftspolitik)
Ronald Pofalla,27.11.2017,Bundeskanzleramt,BM Peter Altmaier (Stuttgart 21)
Eckart von Klaeden,27.10.2020,Finanzministerium,BM Olaf Scholz (Elektromobilität)
Steffen Kampeter,27.10.2020,Wirtschaftsministerium,St Ulrich Nußbaum (Regelmäßige Verbänderunde zu Corona)
Ronald Pofalla,27.08.2019,Wirtschaftsministerium,PSt Oliver Wittke
Steffen Kampeter,27.08.2018,Gesundheitsministerium,BM Jens Spahn (allgemeiner Austausch)
Steffen Kampeter,27.07.2020,Wirtschaftsministerium,BM Peter Altmaier (Werkverträge)
Maria Böhmer,27.07.2019,Bildungsministerium,St Georg Schütte (UNESCO)
Eckart von Klaeden,27.07.2017,Bundeskanzleramt,StM Helge Braun (Automobilthemen)
Ronald Pofalla,27.06.2019,Entwicklungshilfeministerium,BM Gerd Müller (Teilnahme an Arbeitsfrühstück)
Maria Böhmer,27.06.2018,Bildungsministerium,St Georg Schütte (UNESCO)
Steffen Kampeter,27.06.2018,Wirtschaftsministerium,PSt Oliver Wittke
Ronald Pofalla,27.04.2018,Wirtschaftsministerium,PSt Oliver Wittke
Eckart von Klaeden,27.03.2018,Bundeskanzleramt,BM Helge Braun (Automobilthemen)
Steffen Kampeter,27.01.2021,Wirtschaftsministerium,St Ulrich Nußbaum (Regelmäßige Verbänderunde zu Corona)
Ronald Pofalla,27.01.2020,"Finanzministerium, Verkehrsministerium","St Werner Gatzer, St Michael Güntner (Gespräch zur Unterzeichnung Eigenkapitalerhöhung)"
Eckart von Klaeden,26.11.2018,Entwicklungshilfeministerium,BM Gerd Müller (Austausch zu synthetischen Kraftstoffen)
Eckart von Klaeden,26.10.2018,Umweltministerium,BM’in Svenja Schulze (u. a. Beitrag der Automobilindustrie zur Erreichung der Klimaziele)
Ronald Pofalla,26.09.2019,Verkehrsministerium,St Michael Güntner (Digitale Schiene)
Ronald Pofalla,26.07.2019,Finanzministerium,St Werner Gatzer (LufV)
Steffen Kampeter,26.07.2019,Wirtschaftsministerium,St Ulrich Nußbaum (Sozialpartnergespräche)
Ronald Pofalla,26.06.2020,Entwicklungshilfeministerium,PSt‘in Maria Flachsbarth (Der Grüne Knopf)
Eckart von Klaeden,26.06.2018,Auswärtiges Amt,StM Niels Annen (Telefonat zu Ostasien)
Ronald Pofalla,26.06.2018,Umweltministerium,BM’in Svenja Schulze (Arbeit der Strukturwandelkommission)
Ronald Pofalla,26.06.2018,Wirtschaftsministerium,BM Peter Altmaier (Konstituierende Sitzung Kohlekommission)
Katherina Reiche,26.05.2020,Wirtschaftsministerium Verkehrsministerium Verteidigungsministerium,"BM Peter Altmaier, BM Andreas Scheuer, St’in Tamara Zieschang BM‘in Annegret Kramp-Karrenbauer, St Benedikt Zimmer (Energiewirtschaft / 450 MHz-Frequenzen)"
Philipp Rösler,26.05.2020,Bundeskanzleramt,StM Hendrik Hoppenstedt (Corona-Behelfskrankenhaus Hannover)
Eckart von Klaeden,26.05.2014,Wirtschaftsministerium,St Stefan Kapferer
Katherina Reiche,26.04.2018,Ernährungs- und Landwirtschaftsministerium,BM’in Julia Klöckner (Bienentag)
Maria Böhmer,26.03.2018,Auswärtiges Amt,"St Walter Lindner (Verleihung des Ordens der Kunst und Literatur, „L’Ordre Officier des Arts et des Lettres“ an Prof. Böhmer durch die französische Botschaft)"
Eckart von Klaeden,26.02.2020,Verkehrsministerium,PSts Steffen Bilger (LKW-Maut)
Ronald Pofalla,26.02.2018,Wirtschaftsministerium,St Matthias Machnig (Kohlekommission)
Steffen Kampeter,26.01.2019,Wirtschaftsministerium,BM Sigmar Gabriel
Steffen Kampeter,25.11.2019,Wirtschaftsministerium,BM Peter Altmaier (Abendessen mit Präsidenten der Wirtschaftsverbände zur Fachkräfteeinwanderung)
Steffen Kampeter,25.10.2018,Bundeskanzleramt,BK’in Angela Merkel (Gespräch mit dem gemeinsamen Präsidium von BDA und BDI)
Steffen Kampeter,25.09.2018,Wirtschaftsministerium,St Ulrich Nußbaum
Ronald Pofalla,25.08.2020,Verkehrsministerium,"BM Andreas Scheuer, PSt Steffen Bilger, St Michael Güntner (Rahmenfinanzierungsvereinbarung DB AG Digitaler Knoten Stuttgart)"
Maria Böhmer,25.06.2021,Bildungsministerium,St Christian Luft (Bildung für nachhaltige Entwicklung)
Katherina Reiche,25.06.2019,Arbeitsministerium,St’n Leonie Gebers (Eröffnung des parlamentarischen Sommerfestes des VKU e. V.)
Eckart von Klaeden,25.06.2019,Finanzministerium,St Wolfgang Schmidt (Thema nicht nachgehalten)
Katherina Reiche,25.06.2019,Umweltministerium,PSt Florian Pronold (Parlamentarischen Sommerfest des Verbands kommunaler Unternehmen e.V.)
Ronald Pofalla,25.06.2018,Finanzministerium,"BM Olaf Scholz, St Werner Gatzer (Bundeshaushalt 2018/2019 und Masterplan Schienengüterverkehr)"
Katherina Reiche,25.06.2018,Wirtschaftsministerium,St Ulrich Nußbaum (Kohlekommission)
Katherina Reiche,25.06.2018,Wirtschaftsministerium,BM Peter Altmaier (Kohlekommission)
Ronald Pofalla,25.06.2018,Wirtschaftsministerium,"St Ulrich Nußbaum, PSt Bareiß (Kohlekommission)"
Steffen Kampeter,25.06.2018,Wirtschaftsministerium,St Ulrich Nußbaum (Kohlekommission)
Steffen Kampeter,25.06.2018,Wirtschaftsministerium,BM Peter Altmaier (Kohlekommission)
Katherina Reiche,25.03.2020,Finanzministerium,St Wolfgang Schmidt (Strommarkt Corona-Pandemie)
Katherina Reiche,25. oder 26.03.2020,Umweltministerium,St Jochen Flasbarth (Revision AKW unter Corona- Bedingungen)
Eckart von Klaeden,24.11.2020,Verkehrsministerium,"BM AndreasScheuer, MartinDaum,  Daimler Truck AG (LKW-Antriebe)"
Ronald Pofalla,24.11.2016,Wirtschaftsministerium,BM Sigmar Gabriel (9. Deutsch-Russische Rohstoff-Konferenz)
Steffen Kampeter,24.10.2019,Arbeitsministerium,St Leonie Gebers (allgemeiner Austausch)
Eckart von Klaeden,24.10.2018,Verkehrsministerium,PSt Steffen Bilger (Podiumsdiskussion Fachkongress „Stadt der Zukunft – Zukunft der Stadt“)
Jan Mücke,24.09.2018,Umweltministerium,PSt’in Rita Schwarzelühr-Sutter (Einsatz von Single Use Plastics)
Franz Josef Jung,24.08.2018,Verteidigungsministerium,BM´in a.D. Ursula von der Leyen (allgemeiner Austausch)
Ronald Pofalla,24.07.2019,Finanzministerium,St Werner Gatzer (LufV)
Rainer Brüderle,24.07.2018,Arbeitsministerium,"BM Hubertus Heil, St Björn Böhning (Tarifbindung / Arbeitsvertragsrichtlinien)"
Eckart von Klaeden,24.06.2019,Auswärtiges Amt,BM Heiko MAuswärtiges Amts (China)
Steffen Kampeter,24.06.2019,Verkehrsministerium,PSt Enak Ferlemann
Eckart von Klaeden,24.06.2019,Wirtschaftsministerium,BM Peter Altmaier
Eckart von Klaeden,24.05.2018,Wirtschaftsministerium,PSt Oliver Wittke (Gesprächsrunde Wirtschaftspolitik)
Katherina Reiche,24.05.2018,Wirtschaftsministerium,PSt Oliver Wittke
Ronald Pofalla,24.04.2018,Finanzministerium,"St Werner Gatzer (Bundeshaushalt, u. a. Digitalisierung Schiene, Investitionen, Beteiligungsmanagement)"
Hildegard Müller,24.02.2021,Arbeitsministerium,St Björn Böhning (Austausch mit dem VDA-Ausschuss für die automobile Lieferkette (ALK) zu „Möglichkeiten und Ausgestaltung eines Sorgfaltspflichtengesetzes“)
Steffen Kampeter,24.02.2021,Wirtschaftsministerium,St Ulrich Nußbaum (Regelmäßige Verbänderunde zu Corona)
Ronald Pofalla,24.02.2020,Verkehrsministerium,St Michael Güntner (BHO-Anträge allgemein)
Steffen Kampeter,24.01.2019,Wirtschaftsministerium,St Ulrich Nußbaum (Mindestausbildungsvergütung)
Ronald Pofalla,24.01.2018,Bundeskanzleramt,BM Peter Altmaier (Stuttgart 21)
Ronald Pofalla,23.11.2018,Wirtschaftsministerium,St Ulrich Nußbaum (Kohlekommission)
Eckart von Klaeden,23.11.2017,Bundeskanzleramt,StM Helge Braun (Automobilthemen)
Ronald Pofalla,23.09.2019,Wirtschaftsministerium,"BM Peter Altmaier, (insb. verkehrspolitische Themen)"
Ronald Pofalla,23.09.2019,Wirtschaftsministerium,BM Peter Altmaier (Bahnprojekte)
Katherina Reiche,23.09.2015,Bildungsministerium,St Georg Schütte (Energieforschung)
Ronald Pofalla,23.08.2018,Finanzministerium,"St Werner Gatzer (Bundeshaushalt, u. a. Digitalisierung Schiene, Investitionen, Beteiligungsmanagement)"
Steffen Kampeter,23.07.2020,Wirtschaftsministerium,BM Peter Altmaier (Werkverträge)
Eckart von Klaeden,23.07.2019,Entwicklungshilfeministerium,PSt Norbert Barthle (Lieferketten)
Dirk Niebel,23.05.2019,Bundeskanzleramt,BM Helge Braun (deutsch-französische Gemeinschaftsprojekte im Verteidigungsbereich)
Uwe Beckmeyer,23.04.2020,Umweltministerium,PSt Florian Pronol (ElektroG)
Hildegard Müller,23.03.2021,"Bundeskanzleramt, Finanzministerium","BK’in Angela Merkel, BM Olaf Scholz (Konzertierte Aktion Mobilität)"
Hildegard Müller,23.03.2021,Verkehrsministerium,BM Andreas Scheuer (Konzertierte Aktion Mobilität)
Hildegard Müller,23.03.2021,Wirtschaftsministerium,BM Peter Altmaier (Konzertierte Aktion Mobilität)
Franz Josef Jung,23.03.2021,Verteidigungsministerium,Videokonferenz mit BM ́in Kramp-Karrenbauer und BM a.D.Jung in dessen Funktion als Vorsitzender Bundesarbeitsgemeinschaft für Soldatenbetreuung e.V. (BAS) gemeinsam mit dem Geschäftsführer der BAS
Katherina Reiche,23.03.2020,Bundeskanzleramt,"StM Hendrik Hoppenstedt (Gesetz zur AInnenministeriumlderung der Folgen der COVID-19-Pandemie im Zivil-, Insolvenz- und Strafverfahrensrecht)"
Ronald Pofalla,23.02.2021,Auswärtiges Amt,"St Miguel Berger (Videokonferenz auf Einladung des Koordinators für die zwischengesellschaftliche Zusammenarbeit mit Russland, Zentralasien und den Ländern der Östlichen Partnerschaft mit Vertreterinnen und Vertretern verschiedener NGOs zu Russland)"
Eckart von Klaeden,23.02.2018,Bundeskanzleramt,StM Helge Braun (Automobilthemen)
Steffen Kampeter,23.01.2019,Bildungsministerium,St Christian Luft (BBiG-Novelle)
Eckart von Klaeden,23.01.2017,Justizministerium,PSt Christian Lange (automatisiertes Fahren)
Ronald Pofalla,22.10.2018,Finanzministerium,"St Werner Gatzer (Bundeshaushalt, u. a. Digitalisierung Schiene, Investitionen, Beteiligungsmanagement)"
Ronald Pofalla,22.08.2018,Wirtschaftsministerium,St Ulrich Nußbaum (Kohlekommission)
Maria Böhmer,22.07.2019,Bildungsministerium,St Christian Luft (Bildung für nachhaltige Entwicklung)
Ronald Pofalla,22.07.2019,Finanzministerium,"BM Olaf Scholz, St Werner Gatzer (Investitionsprioritäten Sektor Schiene sowie Digitalisierung)"
Hildegard Müller,22.06.2021,Wirtschaftsministerium,BM Peter Altmaier (Tage der Deutschen Industrie)
Steffen Kampeter,22.06.2021,Wirtschaftsministerium,BM Peter Altmaier (Tag der Deutschen Industrie)
Ronald Pofalla,22.06.2018,Umweltministerium,BM’in Svenja Schulze (Arbeit der Strukturwandelkommission)
Katherina Reiche,22.05.2018,Wirtschaftsministerium,"PSt Thomas Bareiß, (Energiepolitik)"
Eckart von Klaeden,22.05.2014,Bundeskanzleramt,BM Peter Altmaier
Ronald Pofalla,22.05.2014,Gesundheitsministerium,St Lutz Stroppe (allgemeiner Austausch)
Eckart von Klaeden,22.05.2014,Verteidigungsministerium,St Gerd Hoofe (Nutzung freigewordener Bw-Flächen – StO Calw)
Ronald Pofalla,22.04.2020,Wirtschaftsministerium,St Ulrich Nußbaum (Bombardier)
Ronald Pofalla,22.02.2019,Auswärtiges Amt,BM Heiko MAuswärtiges Amts (Petersburger Dialog)
Katherina Reiche,22.01.2018,Bildungsministerium,PSt Michael Meister (Kommunales)
Ronald Pofalla,21.10.2019,Verkehrsministerium,PSt Enak Ferlemann (Sitzung der Landesgruppe Niedersachsen)
Ronald Pofalla,21.10.2019,Entwicklungshilfeministerium,PSt‘in Maria Flachsbarth (Sitzung der Landesgruppe Niedersachsen)
Brigitte Zypries,21.09.2018,Auswärtiges Amt,BM Heiko MAuswärtiges Amts (Wahlkampf-Auftritt bei LT-Wahlen in Hessen)
Katherina Reiche,21.08.2019,Wirtschaftsministerium,St Andreas Feicht (Gesetz zur Digitalisierung der Energiewende)
Ronald Pofalla,21.08.2018,Wirtschaftsministerium,St Ulrich Nußbaum (Kohlekommission)
Ronald Pofalla,21.06.2019,Finanzministerium/Verkehrsministerium,"St Werner Gatzer, St Gerhard Schulz (LufV)"
Eckart von Klaeden,21.05.2019,Bundeskanzleramt,StM Hendrik Hoppenstedt (Gespräch mit Arbeitnehmervertretern im Aufsichtsrat der Daimler AG)
Steffen Kampeter,21.03.2018,Wirtschaftsministerium,BM Peter Altmaier
Eckart von Klaeden,21.02.2019,Verkehrsministerium,BM Andreas Scheuer
Eckart von Klaeden,21.02.2019,Entwicklungshilfeministerium,BM Gerd Müller; PSt Norbert Barthle (Austausch zu synthetischen Kraftstoffen)
Dirk Niebel,21.01.2019,Auswärtiges Amt,St Walter Lindner (Telefonat zu versch. Themen)
Katherina Reiche,21.01.2019,Wirtschaftsministerium,PSt Thomas Bareiß (VKU-Kamingespräch mit Stadtwerkschefs und Unternehmern)
Ronald Pofalla,20.12.2019,"Finanzministerium, Verkehrsministerium","St Werner Gatzer, St Michael Güntner, PSt Enak Ferlemann (Mittelverwendung Eigenkapitalerhöhung 2020-2030)"
Katherina Reiche,20.11.2018,Entwicklungshilfeministerium,PSt Norbert Barthle (Engagement deutscher Kommunen in GRC)
Katherina Reiche,20.10.2015,Bundeskanzleramt,StM Helge Braun (VKU-Verbandstag)
Katherina Reiche,20.08.2020,Bildungsministerium,St Wolf-Dieter Lukas (Wasserstoffrat)
Katherina Reiche,20.08.2019,Wirtschaftsministerium,St Andreas Feicht (CO2-Bepreisung)
Katherina Reiche,20.08.2019,Wirtschaftsministerium,St Andreas Feicht (Gesprächsrunde Weiterentwicklung KWKG)
Daniel Bahr,20.08.2018,Gesundheitsministerium,BM Jens Spahn (e-health)
Daniel Bahr,20.08.2018,Gesundheitsministerium,BM Jens Spahn (eHealth und vivy)
Sigmar Gabriel,20.05.2020,Bundeskanzleramt,BM Helge Braun (Entwurf ArbeitsschutzkontrollG)
Ronald Pofalla,20.05.2020,Wirtschaftsministerium,BM Peter Altmaier (Bahnprojekte)
Ronald Pofalla,20.04.2020,Finanzministerium,St Werner Gatzer (Stuttgart 21)
Ronald Pofalla,20.04.2015,Wirtschaftsministerium,St Stefan Kapferer
Steffen Kampeter,20.03.2017,Bundeskanzleramt,BK’in Angela Merkel (Gespräch mit dem gemeinsamen Präsidium von BDA und BDI)
Jan Mücke,20.03.2014,Wirtschaftsministerium,"St Stefan Kapferer, St Rainer Bomba"
Ronald Pofalla,20.02.2020,Finanzministerium,St Werner Gatzer (Haushalt)
Eckart von Klaeden,20.02.2019,Bundeskanzleramt,BM Helge Braun (allgemeine politische Lage)
Steffen Kampeter,20.02.2019,Bundeskanzleramt,StM’n Dorothee Bär (KeyNote beim OPMC im Haus der Wirtschaft)
Ronald Pofalla,20.02.2019,Finanzministerium,"St Werner Gatzer (Bundeshaushalt, u. a. Digitalisierung Schiene, Investitionen, Beteiligungsmanagement)"
Steffen Kampeter,20.01.2021,Bundeskanzleramt,BM HelgeBraun (Antrittsgespräch mit BDA-Präs. Dulger; Begl. durch HGF Kampeter)
Katherina Reiche,20.01.2021,Finanzministerium,BM Olaf Scholz (Eingangsstatement beim Nationalen Wasserstoffrat)
Hildegard Müller,20.01.2021,Verkehrsministerium,BM Andreas Scheuer und zahlreiche weitereTeilnehmer (Deutsches Zentrum für die Zukunft der Mobilität)
Eckart von Klaeden,20.01.2020,Wirtschaftsministerium,BM Peter Altmaier (Elektromobilität)
Eckart von Klaeden,20.01.2020,Wirtschaftsministerium,"St Ulrich Nußbaum (Umweltbonus, E-Auto)"
Dirk Niebel,20.01.2017,Wirtschaftsministerium,BM Sigmar Gabriel
Steffen Kampeter,19.12.2018,Bildungsministerium,St Christian Luft (BBiG-Novelle)
Steffen Kampeter,19.11.2018,Wirtschaftsministerium,BM Peter Altmaier (Abendessen mit Wirtschaftsverbänden)
Ronald Pofalla,19.10.2018,Wirtschaftsministerium,BM Peter Altmaier (Kohlekommission)
Ronald Pofalla,19.09.2018,Finanzministerium,"St Werner Gatzer (Bundeshaushalt, u. a. Digitalisierung Schiene, Investitionen, Beteiligungsmanagement)"
Uwe Beckmeyer,19.06.2020,Bildungsministerium,PSt Michael Meister (Alfred-Wegener-Institut)
Steffen Kampeter,19.06.2018,Bildungsministerium,"BM’in Anja Karliczek, (Berufliche Bildung)"
Ronald Pofalla,19.06.2018,Wirtschaftsministerium,St Ulrich Nußbaum (Kohlekommission)
Steffen Kampeter,19.05.2021,Finanzministerium,BM Olaf Scholz (Antrittsbesuch des neuen BDA-Präsidenten Rainer Dulger)
Eckart von Klaeden,19.05.2020,Bundeskanzleramt,StM Hendrik Hoppenstedt (Gesprächskreis mit Vertretern von Unter- nehmen und Wirtschaftsverbänden zu den wirtschaftlichen Folgen des Coronavirus)
Sigmar Gabriel,19.04.2021,Auswärtiges Amt,St Miguel Berger (Telefonat zu USA)
Sabine Leutheusser- Schnarrenberger,19.04.2020,Wirtschaftsministerium,BM Peter Altmaier (gemeinsame Teilnahme an Live-Sendung Anne Will zum Thema „Deutschlands Exit- Strategie – der richtige Weg zurück in den Alltag?“)
Ronald Pofalla,19.04.2018,Bundeskanzleramt,StM Hendrik Hoppenstedt (Antrittsbesuch)
Daniel Bahr,19.03.2019,Bundeskanzleramt,StM’in Dorothee Bär (E-Health)
Hildegard Müller,19.02.2021,Wirtschaftsministerium,BM Peter Altmaier (Spitzenglättung)
Katherina Reiche,19.02.2021,Wirtschaftsministerium,BM Peter Altmaier (Nationaler Wasserstoffrat)
Ronald Pofalla,19.02.2019,Finanzministerium/Verkehrsministerium,"St Werner Gatzer, St Gerhard Schulz (LufV)"
Ronald Pofalla,19.02.2019,Wirtschaftsministerium,"PSt Oliver Wittke, (Gespräch zur aktuellen Lage/Strategie)"
Ronald Pofalla,19.01.2017,Verteidigungsministerium,St Gerd Hoofe (LKW Kartell/SEA)
Eckart von Klaeden,19.-21.07.2015,Wirtschaftsministerium,BM Sigmar Gabriel (Reise in den Iran)
Ronald Pofalla,18.12.2019,Verkehrsministerium,PSt Enak Ferlemann (Dachkonzept Starke Schiene)
Steffen Kampeter,18.12.2019,Entwicklungshilfeministerium,St Martin Jäger (Lieferketten)
Ronald Pofalla,18.12.2018,Bundeskanzleramt,StM Hendrik Hoppenstedt (Aktuelle Situation der Deutschen Bahn AG)
Steffen Kampeter,18.11.2020,Wirtschaftsministerium,St Ulrich Nußbaum (Regelmäßige Verbänderunde zu Corona)
Ronald Pofalla,18.10.2017,Umweltministerium,BM’in Barbara Hendricks
Katherina Reiche,18.07.2021,Innenministerium,St Markus Kerber (Telefonat zu hochauflösenden Satellitenbildern in Überschwemmungsgebieten zur SicherstellungderdortigenStromversorgung)
Ronald Pofalla,18.07.2019,Auswärtiges Amt,BM Heiko MAuswärtiges Amts (Petersburger Dialog)
Eckart von Klaeden,18.07.2016,Auswärtiges Amt,St Stephan Steinlein (Abendessen)
Steffen Kampeter,18.06.2019,Gesundheitsministerium,"BM Jens Spahn (Mindestlohn, Tarifvertrag Pflege)"
Eckart von Klaeden,18.05.2020,Verkehrsministerium,PSts Steffen Bilger (Brennstoffzelle/Wasserstoff)
Eckart von Klaeden,18.05.2020,Wirtschaftsministerium,PSt Thomas Bareiß (CDU-Landesgruppe BaWü mit Gästen der Daimler AG)
Eckart von Klaeden,18.03.2020,Verkehrsministerium,"BM Andreas Scheuer, PSt Steffen Bilger, St’in Tamara Zieschang (Corona-Lage)"
Steffen Kampeter,18.03.2020,Wirtschaftsministerium Arbeitsministerium,"BM Peter Altmaier, BM Hubertus Heil (Sozialpartnergespräch, Corona)"
Steffen Kampeter,18.02.2018,Verkehrsministerium,PSt Enak Ferlemann
Steffen Kampeter,18.01.2021,Wirtschaftsministerium,BM Peter Altmaier (Jahreswirtschaftsbericht)
Eckart von Klaeden,18.-22.06.2019,Wirtschaftsministerium,BM Peter Altmaier (Reise nach China)
Jan Mücke,17.12.2015,Bundeskanzleramt,StM Helge Braun (Umsetzung der Tabakproduktrichtlinie)
Hildegard Müller,17.11.2020,"Bundeskanzleramt, Finanzministerium","BK’in Angela Merkel, BM Olaf Scholz (Konzertierte Aktion Mobilität)"
Eckart von Klaeden,17.11.2020,Finanzministerium,"BM Olaf Scholz, St Werner Gatzer (Elektromobilität, Ladeinfrastruktur)"
Hildegard Müller,17.11.2020,Verkehrsministerium,BM Andreas Scheuer und zahlreiche weitere Teilnehmer (Spitzengespräch Konzertierte Aktion Mobilität)
Hildegard Müller,17.11.2020,Wirtschaftsministerium,BM Peter Altmaier (Konzertierte Aktion Mobilität)
Christian Hirte,17.10.2020,Wirtschaftsministerium,"BM Peter Altmaier (Vorstellung des Unternehmens Lindig, Grüne Mobilität der Zukunft)"
Dirk Niebel,17.09.2019,Entwicklungshilfeministerium,St Martin Jäger (mögliche Lösungsansätze von Wasserknappheit in Entwicklungsländern)
Dirk Niebel,17.09.2019,Entwicklungshilfeministerium,St Martin Jäger (Nachhaltige Wasserversorgung)
Eckart von Klaeden,17.09.2018,Finanzministerium,St Wolfgang Schmidt (Aspen Institute)
Steffen Kampeter,17.08.2020,Arbeitsministerium,St Leonie Gebers (Kurzarbeit)
Sigmar Gabriel,17.06.2020,Wirtschaftsministerium,St Ulrich Nußbaum (PPM)
Eckart von Klaeden,17.05.2019,Bundeskanzleramt,BK’in Angela Merkel (e-Mobilität/Klimaschutz/Handelsfragen)
Dirk Niebel,17.05.2018,Entwicklungshilfeministerium,St Martin Jäger (EZ-Ansätze allgemein)
Steffen Kampeter,17.04.2020,Wirtschaftsministerium,BM Peter Altmaier (Corona)
Eckart von Klaeden,17.04.2018,Bundeskanzleramt,BM Helge Braun (Automobilthemen)
Eckart von Klaeden,17.04.2018,Finanzministerium,"BM Olaf Scholz, St Wolfgang Schmidt (Internationale Wirtschafts-/Handelsthemen, Automobilwirtschaft)"
Ronald Pofalla,17.02.2020,Verkehrsministerium,St Michael Güntner (Tunnel Offenburg)
Eckart von Klaeden,17.01.2020,Gesundheitsministerium,PSt Thomas Gebhart (allgemeiner Austausch)
Steffen Kampeter,16.12.2020,Wirtschaftsministerium,BM Peter Altmaier (KennenlerngesprächmitBDA-Präsident Rainer Dulger)
Steffen Kampeter,16.12.2019,Bundeskanzleramt,"BK’in Angela Merkel; BM Helge Braun (Fachkräftegipfel mit Vertretern der Wirtschaft, der Länder und der Gewerkschaften)"
Ole Schröder,16.12.2019,Verkehrsministerium,"St’in Tamara Zieschang, St Michael Güntner (450 Mhz)"
Ronald Pofalla,16.12.2019,Verkehrsministerium,St Michael Güntner (Digitale Schiene)
Ronald Pofalla,16.11.2020,Wirtschaftsministerium,PSt’in Elisabeth Winkelmeyer-Becker (Infrastruktur/Planung/Investitionen der DB AG in NRW)
Ronald Pofalla,16.10.2020,Bundeskanzleramt,BM Helge Braun (Beihilfegenehmigungsverfahren der Europäischen Kommission zur vorgesehenen Eigenkapitalerhöhung bei der Deutschen Bahn AG)
Eckart von Klaeden,16.10.2019,Wirtschaftsministerium,St Thomas Bareiß (allg. Austausch)
Steffen Kampeter,16.07.2019,Wirtschaftsministerium,BM Peter Altmaier
Steffen Kampeter,16.05.2018,Gesundheitsministerium,BM Jens Spahn (Pflege)
Ronald Pofalla,16.04.2020,Verkehrsministerium,St Michael Güntner (Rahmenvereinbarung 1999/2)
Jan Mücke,16.04.2019,Wirtschaftsministerium,PSt Oliver Wittke (Tabakwerbeverbot)
Ronald Pofalla,16.04.2015,Wirtschaftsministerium,BM Sigmar Gabriel
Steffen Kampeter,16.03.2021,Bundeskanzleramt,BM Helge Braun (Telefonat zum DARP)
Steffen Kampeter,16.03.2020,Wirtschaftsministerium,BM Peter Altmaier (Konjunkturmaßnahmen)
Hildegard Müller,16.02.2021,Wirtschaftsministerium,BM Peter Altmaier (Corona)
Steffen Kampeter,16.02.2021,Wirtschaftsministerium,BM Peter Altmaier (Corona)
Uwe Beckmeyer,16.01.2019,Auswärtiges Amt,StM Niels Annen (Telefonat zu Fragen zu Exportgenehmigungen)
Dirk Niebel,16.01.2015,Auswärtiges Amt,St Stephan Steinlein (Gespräch zu versch. Themen)
Ronald Pofalla,15.12.2016,Verteidigungsministerium,St Gerd Hoofe (LKW Kartell/SEA)
Eckart von Klaeden,15.10.2020,Verkehrsministerium,"PSt Steffen Bilger, Til Oberwörder (Situation der Busbranche aufgrund von COVID- 19, Maßnahmen von Daimler Buses und weitere Impulse)"
Ronald Pofalla,15.10.2019,Verkehrsministerium,"BM Andreas Scheuer, St Michael Güntner (allgemeiner Austausch)"
Ole Schröder,15.10.2019,Wirtschaftsministerium,PSt Thomas Bareiß (Parl. Abend des Deutschen Lotto- und Totoblocks)
Eckart von Klaeden,15.09.2017,Wirtschaftsministerium,"BM’in Brigitte Zypries (New Mobility World, Dronemasters Mobility Conference, IAuswärtiges Amt)"
Steffen Kampeter,15.07.2021,Wirtschaftsministerium,St Ulrich Nußbaum (Regelmäßige Verbänderunde zu Corona)
Ronald Pofalla,15.07.2020,Finanzministerium,"St Werner Gatzer (Update DSD-Kooperation mit VDB&EBA, Beschleunigung Rollout)"
Ronald Pofalla,15.06.2020,Verkehrsministerium,St Michael Güntner (Rahmenvereinbarung 1999/2)
Eckart von Klaeden,15.05.2020,Wirtschaftsministerium,"St Thomas Bareiß (Brennstoffzelle, Wasserstoffstrategie)"
Jan Mücke,15.04.2021,Wirtschaftsministerium,PSt’in Elisabeth Winkelmeyer-Becker (Umsetzung der Einwegkunststoffrichtlinie)
Katherina Reiche,15.04.2021,Wirtschaftsministerium,St Andreas Feicht (Gespräch mit den Gesellschaftern des Betreiberkonsortiums „450connect“)
Katherina Reiche,15.04.2019,Bundeskanzleramt,BM Helge Braun (Rat für Nachhaltige Entwicklung)
Hildegard Müller,15.03.2021,Wirtschaftsministerium,BM Peter Altmaier (Bündnis „Zukunft der Industrie“)
Steffen Kampeter,15.03.2019,Bundeskanzleramt,BK’in Angela Merkel (Münchner Spitzengespräch)
Dirk Niebel,15.03.2019,Wirtschaftsministerium,St Ulrich Nußbaum
Brigitte Zypries,15.03.2018,Wirtschaftsministerium,"BM Peter Altmaier, PSt Oliver Wittke (Amtsübergabe im Wirtschaftsministerium)"
Steffen Kampeter,15.01.2020,Bundeskanzleramt,"BM Helge Braun (Konzertierte Aktion Mobilität –Gespräch zum Thema Beschäftigung und Qualifizierung mit Arbeitgebern, Betriebsräten, Sozialpartnern und Vertretern der Länder)"
Ronald Pofalla,15.01.2020,"Finanzministerium, Verkehrsministerium","St Werner Gatzer, St Michael Güntner, PSt Enak Ferlemann (Vorabstimmung der Mittelverwendung Eigenkapitalerhöhung 2020-2030)"
Ronald Pofalla,15.01.2019,Bundeskanzleramt,"BK’in Angela Merkel, BM Helge Braun (Kommission „Wachstum, Strukturwandel und Beschäftigung“)"
Ronald Pofalla,15.01.2019,Wirtschaftsministerium,"BM Peter Altmaier, BK’in Angela Merkel (Kohlekommission)"
Ronald Pofalla,15.-16.06.2021,Wirtschaftsministerium,PSt’in Elisabeth Winkelmeyer-Becker (StrategiesitzungDBAG/Aufsichtsratsitzung DB AG)
Eckart von Klaeden,14.12.2018,Finanzministerium,St Wolfgang Schmidt (Aspen Institute)
Steffen Kampeter,14.10.2020,Wirtschaftsministerium,St Ulrich Nußbaum (Regelmäßige Verbänderunde zu Corona)
Maria Böhmer,14.09.2018,Bundeskanzleramt,StM’n Annette Widmann-Mauz (Start-Stiftung)
Katherina Reiche,14.09.2018,Wirtschaftsministerium,BM Peter Altmaier (Kohlekommission)
Katherina Reiche,14.08.2018,Finanzministerium,"BM Olaf Scholz, St Rolf Bösinger (Kommunales)"
Katherina Reiche,14.08.2018,Umweltministerium,BM’in Svenja Schulze (u. a. Beitrag der Kommunen zur Erreichung der Klimaziele)
Steffen Kampeter,14.07.2021,Wirtschaftsministerium,BM Peter Altmaier (Zukunftsfähigkeit der sozialen Marktwirtschaft im Blick: Zur Rolle stabiler Sozialbeiträge)
Ronald Pofalla,14.07.2020,Verkehrsministerium,BM Andreas Scheuer (Baustellenbesichtigung Umbau Bahnhof Donauwörth)
Katherina Reiche,14.07.2019,Verkehrsministerium,PSt Steffen Bilger (Breitband)
Katherina Reiche,14.06.2016,Umweltministerium,BM’in Barbara Hendricks
Ronald Pofalla,14.05.2019,Finanzministerium/Verkehrsministerium,"St Werner Gatzer, St Gerhard Schulz (LufV)"
Ronald Pofalla,14.05.2018,Finanzministerium,"St Werner Gatzer (Bundeshaushalt, u. a. Digitalisierung Schiene, Investitionen, Beteiligungsmanagement)"
Steffen Kampeter,14.04.2021,Wirtschaftsministerium,St’in Claudia Dörr-Voß (Corona)
Brigitte Zypries,14.04.2020,Wirtschaftsministerium,"PSt Thomas Bareiß (Software-Idee, Zugangskontrolle)"
Ronald Pofalla,14.04.2016,Wirtschaftsministerium,BM Sigmar Gabriel (Führungskräfteveranstaltung der Deutschen Bahn AG)
Ronald Pofalla,14.04.2016,Entwicklungshilfeministerium,BM Gerd Müller (Gespräch zu Bahntrassen im Allgäu in Funktion MdB)
Sigmar Gabriel,14.02.2020,Auswärtiges Amt,StM‘in Michelle Müntefering (Roundtable Atlantik-Brücke)
Ronald Pofalla,14.01.2020,Finanzministerium,St Werner Gatzer (Eigenkapitalerhöhung)
Ronald Pofalla,14.01.2020,"Verkehrsministerium, Finanzministerium","BM Andreas Scheuer, BM Olaf Scholz, St Michael Güntner (Unterzeichnung LuFV III)"
Uwe Beckmeyer,13.12.2018,Umweltministerium,PSt’in Rita Schwarzelühr-Sutter (Fauna-Flora-Habitatrichtlinie und FFH-Gebiete in Bremen)
Brigitte Zypries,13.11.2019,Justizministerium,BM‘in Christine Lambrecht (Deutsch-Israelische Juristenvereinigung)
Katherina Reiche,13.10.2020,Bundeskanzleramt,BK’in Angela Merkel (parallele Teilnahme am Deutsch-Französischen Technologiedialog)
Christian Hirte,13.10.2020,Ernährungs- und Landwirtschaftsministerium,PSt Uwe Feiler (Gespräche mit Landwirten im Wahlkreis von Christian Hirte)
Eckart von Klaeden,13.09.2019,Bundeskanzleramt,BM Helge Braun (Gespräch mit dem neuen Vorstandvorsitzenden der Daimler AG)
Steffen Kampeter,13.09.2018,Arbeitsministerium,St Rolf Schmachtenberg anlässlich Landesgeschäftsführerkonferenz der Bundesvereinigung der Deutschen Arbeitgeberverbände
Franz Josef Jung,13.09.2018,Verteidigungsministerium,PSt Peter Tauber; PSt Thomas Silberhorn
Franz Josef Jung,13.09.2018,Verteidigungsministerium,"PSt Peter Tauber, PSt Thomas Silberhorn (allgemeiner Austausch)"
Eckart von Klaeden,13.09.2016,Bundeskanzleramt,StM Helge Braun (Automobilthemen)
Sabine Leutheusser- Schnarrenberger,13.07.2020,Auswärtiges Amt,St Miguel Berger (Friedrich-Naumann-Stiftung)
Katherina Reiche,13.05.2020,Wirtschaftsministerium,St Andreas Feicht (Infrastrukturplattform DigiKoo)
Steffen Kampeter,13.04.2021,Wirtschaftsministerium,St Ulrich Nußbaum (Regelmäßige Verbänderunde zu Corona)
Steffen Kampeter,13.03.2021,Wirtschaftsministerium,St Ulrich Nußbaum (Regelmäßige Verbänderunde zu Corona)
Steffen Kampeter,13.03.2020,Bundeskanzleramt,BK’in Angela Merkel; StM Hendrik Hoppenstedt (Gespräch mit Wirtschaftsverbänden und Gewerkschaften zu den wirtschaftlichen Folgen des Coronavirus)
Ronald Pofalla,13.03.2020,Finanzministerium,St Werner Gatzer (Haushalt)
Steffen Kampeter,13.03.2019,Verkehrsministerium,St Guido Beermann
Steffen Kampeter,13.03.2017,Bundeskanzleramt,BK’in Angela Merkel (Münchner Spitzengespräch)
Ronald Pofalla,13.03.2017,Umweltministerium,BM’in Barbara Hendricks
Steffen Kampeter,13.02.2020,Arbeitsministerium,St Leonie Gebers (Fachkräfteeinwanderung)
Steffen Kampeter,13.01.2021,Wirtschaftsministerium,St Ulrich Nußbaum (Regelmäßige Verbänderunde zu Corona)
Steffen Kampeter,13.01.2020,Arbeitsministerium,"BM Hubertus Heil (Betriebliche Weiterbildung, Arbeitszeitregelungen, arbeitsrechtliche Vorhaben für 2020)"
Steffen Kampeter,12.12.2018,Bundeskanzleramt,StM’n Dorothee Bär (Impulsreferat Digitale Bildung beim BDA)
Steffen Kampeter,12.12.2018,Bildungsministerium,"BM’in Anja Karliczek, St Christian Luft (BBiG-Novelle)"
Eckart von Klaeden,12.12.2018,Wirtschaftsministerium,BM Peter Altmaier (2. Gesprächsrunde der Konrad-Adenauer-Stiftung)
Katherina Reiche,12.12.2018,Wirtschaftsministerium,BM Peter Altmaier (2. Gesprächsrunde der Konrad-Adenauer-Stiftung)
Ronald Pofalla,12.12.2018,Wirtschaftsministerium,BM Peter Altmaier (2. Gesprächsrunde der Konrad-Adenauer-Stiftung)
Steffen Kampeter,12.11.2019,Wirtschaftsministerium,BM Peter Altmaier (Arbeitgebertag BDA)
Eckart von Klaeden,12.10.2018,Bundeskanzleramt,StM Hendrik Hoppenstedt (Automobilthemen)
Ronald Pofalla,12.10.2016,Justizministerium,BM Heiko MAuswärtiges Amts (Pauschalreiserichtlinie)
Ronald Pofalla,12.09.2019,Finanzministerium,"St Werner Gatzer (Bundeshaushalt, u. a. Digitalisierung Schiene, Investitionen, Beteiligungsmanagement)"
Eckart von Klaeden,12.09.2018,Bundeskanzleramt,StM Hendrik Hoppenstedt (Automobilthemen)
Katherina Reiche,12.09.2018,Bundeskanzleramt,StM’n Annette Widmann-Mauz (Arbeitsmarktchancen von Migrantinnen und Migranten)
Ronald Pofalla,12.09.2018,Umweltministerium,BM’in Svenja Schulze (Arbeit der Strukturwandelkommission)
Ronald Pofalla,12.09.2016,Justizministerium,BM Heiko MAuswärtiges Amts (Pauschalreiserichtlinie)
Katherina Reiche,12.08.2020,Wirtschaftsministerium,St Andreas Feicht (EEG Umlage)
Peter Tauber,12.06.2021,Bildungsministerium,PSt Michael Meister (CDU-Landesparteitag mit Verleihung der Alfred Dregger Medaille in Gold an Peter Tauber)
Steffen Kampeter,12.06.2020,Bundeskanzleramt,"BM Helge Braun (Gespräch mit Vertretern der Arbeitgeber, Wirtschaft und Gewerkschaften zur Corona-Warn-App der BReg)"
Maria Böhmer,12.04.2019,Bildungsministerium,St Christian Luft (Bildung für nachhaltige Entwicklung)
Ronald Pofalla,12.03.2021,Wirtschaftsministerium,PSt’in Elisabeth Winkelmeyer-Becker (Informationsveranstaltung zum Jahresab- schluss 2020 der DB AG)
Eckart von Klaeden,12.03.2020,Gesundheitsministerium,PSt Thomas Gebhart (Corona)
Eckart von Klaeden,12.03.2018,Umweltministerium,BM’in Barbara Hendricks
Steffen Kampeter,12.02.2021,Wirtschaftsministerium,BM Peter Altmaier (Lieferkettengesetz)
Hildegard Müller,12.01.2021,Verkehrsministerium,"St’in Tamara Zieschang (allgemeiner Austausch,u.a.Elektromobilität, Ladeinfrastruktur)"
Hildegard Müller,12.01.2021,Wirtschaftsministerium,BM Peter Altmaier (Engpass bei Halbleiterkomponenten)
Ole Schröder,11.12.2018,Gesundheitsministerium,St Lutz Stroppe (Pflegekräfte Pakistan)
Hildegard Müller,11.11.2020,Bundeskanzleramt,BK’in Angela Merkel
Ronald Pofalla,11.09.2019,Wirtschaftsministerium,"PSt Oliver Wittke, (Gespräch zu aktuellen Bahnthemen)"
Katherina Reiche,11.09.2017,Wirtschaftsministerium,PSt Dirk Wiese (Startup-Night Wirtschaftsministerium)
Ronald Pofalla,11.07.2019,Finanzministerium/Verkehrsministerium,"St Werner Gatzer, St Gerhard Schulz (LufV)"
Eckart von Klaeden,11.07.2018,Arbeitsministerium,BM Hubertus Heil
Ole Schröder,11.06.2019,Verkehrsministerium,St Guido Beermann (Autonomes Fahren)
Eckart von Klaeden,11.06.2018,Verkehrsministerium,BM Andreas Scheuer (Automobilwirtschaft)
Jan Mücke,11.05.2020,Bundeskanzleramt,"StM Hendrik Hoppenstedt (Tabakerzeugnisgesetz, Tabakwerbeverbot)"
Ronald Pofalla,11.05.2020,Verkehrsministerium,St Güntner (Rahmenvereinbarung 1999/2)
Ronald Pofalla,11.05.2020,Verkehrsministerium,"BM Andreas Scheuer, PSt Steffen Bilger, St’in Tamara Zieschang (Corona)"
Katherina Reiche,11.04.2018,Ernährungs- und Landwirtschaftsministerium,BM’in Julia Klöckner (Ländliche Räume)
Eckart von Klaeden,11.03.2020,Umweltministerium,St Jochen Flasbarth (LKW-Maut)
Ronald Pofalla,11.02.2019,Bundeskanzleramt,"BK’in Angela Merkel, BM Helge Braun (Kommission „Wachstum, Strukturwandel und Beschäftigung“)"
Steffen Kampeter,11.01.2021,Arbeitsministerium,"BM Hubertus Heil (Austausch mit Sozialpartnern und BA zu aktueller Lage, v.a. Corona und Lage bei Bundesagentur für Arbeit)"
Steffen Kampeter,10.12.2020,Arbeitsministerium,BM Hubertus Heil (Bundesagentur für Arbeit)
Ronald Pofalla,10.12.2020,Finanzministerium,"BM Olaf Scholz, St Werner Gatzer (Einzelwagenverkehr, Corona)"
Ronald Pofalla,10.12.2019,Bundeskanzleramt,StM’n Dorothee Bär (Bahnanbindung WK 248)
Steffen Kampeter,10.11.2020,Arbeitsministerium,BM Hubertus Heil (Austausch mit Sozialpartnern zur Zukunft des Europäischen Sozialen Dialogs)
Steffen Kampeter,10.11.2020,Arbeitsministerium,BM Hubertus Heil (Gemeinsame Teilnahme an Fachveranstaltung „Ein starkes soziales Europa für gerechte Übergänge
Franz Josef Jung,10.11.2018,Ernährungs- und Landwirtschaftsministerium,BM’in Julia Klöckner (Verleihung Prof. Müller-Thurgau-Preis 2018)
Franz Josef Jung,10.10.2019,Verteidigungsministerium,"PSt Peter Tauber, PSt Thomas Silberhorn (2. Sicherheitssymposium 70 Jahre NATO in Kronberg)"
Ronald Pofalla,10.10.2018,Bildungsministerium,PSt Thomas Rachel (Braunkohlegesprächskreis der CDU/CSU-Fraktion im Deutschen Bundestag)
Ronald Pofalla,10.10.2018,Wirtschaftsministerium,PSt Oliver Wittke
Ronald Pofalla,10.10.2018,Wirtschaftsministerium,BM Peter Altmaier (Kohlekommission)
Ronald Pofalla,10.09.2019,Familienministerium,BM’in Franziska Giffey (mögliche Unterstützung der Deutschen Bahn für Freiwilligendienstleistende)
Ronald Pofalla,10.09.2018,Bundeskanzleramt,StM Hendrik Hoppenstedt (Aktuelle Situation der Deutschen Bahn AG)
Steffen Kampeter,10.09.2018,Arbeitsministerium,PSt’in Kerstin Griese und PSt’in Anette Kramme
Steffen Kampeter,10.07.2019,Bundeskanzleramt,StM Hendrik Hoppenstedt (Bürokratieabbau-Spitzentreffen)
Steffen Kampeter,10.07.2019,Arbeitsministerium,St Rolf Schmachtenberg (Bürokratieabbau-Spitzentreffen)
Eckart von Klaeden,10.07.2019,Gesundheitsministerium,BM Jens Spahn (allgemeiner Austausch)
Eckart von Klaeden,10.07.2019,Umweltministerium,BM’in Svenja Schulze (u. a. Beitrag der Automobilindustrie zur Erreichung der Klimaziele)
Katherina Reiche,10.07.2019,Verkehrsministerium,BM Andreas Scheuer (Gesprächsgipfel Abbiegeassistent)
Katherina Reiche,10.07.2018,Arbeitsministerium,BM Hubertus Heil
Ronald Pofalla,10.06.2021,Finanzministerium,"BM Olaf Scholz, St Werner Gatzer (Fahrzeuginstandhaltungswerk Cottbus)"
Ronald Pofalla,10.06.2020,Finanzministerium,St Werner Gatzer (Digitalisierung Schiene)
Katherina Reiche,10.03.2021,Wirtschaftsministerium,St Andreas Feicht (Nationaler Wasserstoffrat)
Ronald Pofalla,10.03.2020,Verkehrsministerium,St Michael Güntner (BHO-Anträge allgemein)
Steffen Kampeter,10.03.2020,Wirtschaftsministerium,St Ulrich Nußbaum (Verbändegespräch Wirtschaftliche Auswirkungen des Coronavirus)
Ronald Pofalla,10.03.2015,Bundeskanzleramt,"BM Peter Altmaier (Allgemeine Themen, u. a. wirtschaftliche Entwicklung des DB-Konzerns)"
Christian Hirte,09.12.2020,Kulturstaatsministerin,StM’in Monika Grütters (Bürgerdialog/Kultur vor Ort (digital))
Ronald Pofalla,09.12.2020,Wirtschaftsministerium,PSt’in Elisabeth Winkelmeyer-Becker (Aufsichtsratssitzung DB AG)
Katherina Reiche,09.12.2019,Verkehrsministerium,"St Michael Güntner (Mobilität in Städten, sauberer Verkehr, 450 Mhz)"
Ronald Pofalla,09.11.2018,Wirtschaftsministerium,"BM Peter Altmaier,"
Ronald Pofalla,09.11.2015,Gesundheitsministerium,St Lutz Stroppe (allgemeiner Austausch)
Eckart von Klaeden,09.10.2020,Verkehrsministerium,St’in Tamara Zieschang (allgemeiner Austausch)
Steffen Kampeter,09.09.2020,Entwicklungshilfeministerium,BM Gerd Müller (Sorgfaltspflichten in globalen Lieferketten)
Ronald Pofalla,09.09.2019,Finanzministerium,St Werner Gatzer (LufV)
Katherina Reiche,09.08.2018,Verkehrsministerium,St Guido Beermann (Daten kommunaler Unternehmen/Fuhrparks)
Katherina Reiche,09.07.2020,Wirtschaftsministerium,BM Peter Altmaier (Wasserstoffrat der BReg)
Eckart von Klaeden,09.06.2015,Entwicklungshilfeministerium,BM Gerd Müller (Teilnahme an Veranstaltung „Politischer Dialog im Haus Huth“)
Katherina Reiche,09.05.2018,Bundeskanzleramt,BM Helge Braun (Antrittsbesuch VKU)
Eckart von Klaeden,09.05.2018,Verkehrsministerium,BM Andreas Scheuer (Automobilwirtschaft)
Sigmar Gabriel,09.04.2020,Bundeskanzleramt,BK’in Angela Merkel (EU-Bankenabgabe)
Steffen Kampeter,09.04.2019,Wirtschaftsministerium,BM Peter Altmaier (Sitzung des BDA-Vizepräsidiums)
Ronald Pofalla,09.03.2020,Verkehrsministerium,St Michael Güntner (BHO-Anträge allgemein)
Eckart von Klaeden,09.03.2020,Wirtschaftsministerium,BM Peter Altmaier (Industriepolitik)
Steffen Kampeter,09.03.2018,Bundeskanzleramt,BK’in Angela Merkel (Münchner Spitzengespräch)
Ronald Pofalla,09.02.2021,Innenministerium,St Hans-Georg Engelke (Bundespolizeigesetz)
Steffen Kampeter,08.12.2020,Arbeitsministerium,St Björn Böhning (diverse Themen der Arbeits- und Sozialpolitik)
Eckart von Klaeden,08.11.2018,Verkehrsministerium,"BM Andreas Scheuer, St Guido Beermann (Spitzengespräch Automobilwirtschaft)"
Steffen Kampeter,08.08.2020,Wirtschaftsministerium,St Ulrich Nußbaum (Lieferkettengesetz)
Hildegard Müller,08.06.2021,Wirtschaftsministerium,BM Peter Altmaier (Future Mobility Summit des Tagesspiegel)
Uwe Beckmeyer,08.06.2020,Justizministerium,PSt Christian Lange (Covid-19 Pandemie)
Katherina Reiche,08.05.2019,Wirtschaftsministerium,"PSt Thomas Bareiß, St Andreas Feicht (Kamingespräch zu CO2-Bepreisung im Wirtschaftsministerium)"
Katherina Reiche,08.05.2019,Entwicklungshilfeministerium,St Martin Jäger (Betreiberpartnerschaften in der EZ)
Steffen Kampeter,08.04.2021,Bundeskanzleramt,"BK’in Angela Merkel, BM Helge Braun (Telefonat zu Testpflicht in Unternehmen)"
Hildegard Müller,08.04.2021,Wirtschaftsministerium,BM Peter Altmaier (Corona)
Steffen Kampeter,08.04.2021,Wirtschaftsministerium,BM Peter Altmaier (Corona)
Katherina Reiche,08.04.2019,Umweltministerium,PSt Florian Pronold (Gespräch zur DüngeVO mit Länderministern)
Sigmar Gabriel,08.01.2020,Finanzministerium,BM Olaf Scholz (Verschiedene Themen)
Ronald Pofalla,07.12.2016,Verteidigungsministerium,St Gerd Hoofe (Kooperation DB-Bw)
Katherina Reiche + Ole Schröder,07.11.2019,Bundeskanzleramt,BM Helge Braun (Mobilfunk)
Eckart von Klaeden,07.11.2019,Umweltministerium,BM’in Svenja Schulze (PtX (Power-to-X))
Ronald Pofalla,07.11.2019,Verkehrsministerium,"PSt Enak Ferlemann, St Michael Güntner (Mittelverwendung Eigenkapitalerhöhung 2020-2030)"
Ronald Pofalla,07.11.2018,Bildungsministerium,BM’in Anja Karliczek (Strukturwandel in Braunkohleregionen)
Ronald Pofalla,07.11.2018,Wirtschaftsministerium,PSt Oliver Wittke
Ronald Pofalla,07.11.2018,Wirtschaftsministerium,PSt Oliver Wittke (Teilnahme an Hintergrundgespräch im Rahmen des Deutsch-Russischen Rohstoff-Forums)
Ronald Pofalla,07.11.2014,Wirtschaftsministerium,BM Sigmar Gabriel
Steffen Kampeter,07.10.2020,Finanzministerium,St Jörg Kukies (Allgemeiner Austausch)
Philipp Rösler,07.10.2019,Bundeskanzleramt,BM Helge Braun (Sustainable Finance)
Ronald Pofalla,07.10.2018,Wirtschaftsministerium,BM Peter Altmaier (Eröffnungsveranstaltung Petersburger Dialog)
Maria Böhmer,07.09.2020,Verteidigungsministerium,BM‘in Annegret Kramp-Karrenbauer (Militärische Übungsflüge über UNESCO-Welterbe Mittleres Rheintal)
Steffen Kampeter,07.09.2019,Gesundheitsministerium,BM Jens Spahn (öffentliche Diskussionsrunde)
Karl-Theodor zu Guttenberg,07.09.2018,Gesundheitsministerium,BM Jens Spahn (Roundtable mit Familienunternehmen)
Ole Schröder,07.08.2019,Ernährungs- und Landwirtschaftsministerium,BM’in Julia Klöckner (450 MHz- Frequenzen und deren Nutzbarkeit für die ländlichen Räume)
Ronald Pofalla,07.07.2021,Auswärtiges Amt,BM Heiko MAuswärtiges Amts (Petersburger Dialog)
Katherina Reiche,07.05.2020,Wirtschaftsministerium,St Ulrich Nußbaum (Corona-Krise)
Maria Böhmer,07.05.2019,Bundeskanzleramt,StM’n Annette Widmann-Mauz (Start-Stiftung)
Steffen Kampeter,07.05.2019,Wirtschaftsministerium,St Andreas Feicht (Kohlekommission)
Eckart von Klaeden,07.01.2020,Bundeskanzleramt,StM Hendrik Hoppenstedt (Automobilthemen)
Ole Schröder,07.01.2020,Finanzministerium,St Rolf Bösinger (Kampfmittelbeseitigung auf Helgoland)
Ronald Pofalla,06.12.2019,Auswärtiges Amt,StM‘in Michelle Müntefering (Deutschlandjahr Russland)
Ronald Pofalla,06.12.2018,Finanzministerium,"BM Olaf Scholz, St Werner Gatzer (Bundesmittel Verkehrsträger Schiene)"
Katherina Reiche,06.11.2020,Bundeskanzleramt,BM Helge Braun (Nationaler Wasserstoffrat)
Ronald Pofalla,06.11.2018,Wirtschaftsministerium,"BM Peter Altmaier, (Industriestrompreise)"
Katherina Reiche,06.11.2018,Entwicklungshilfeministerium,PSt’in Maria Flachsbarth (Zusammenarbeit mit VKU)
Katherina Reiche,06.09.2018,Bildungsministerium,PSt Michael Meister (Kommunales)
Ronald Pofalla,06.08.2020,"Finanzministerium, Verkehrsministerium","BM Olaf Scholz, St Werner Gatzer, Pst Enak Ferlemann (Digitalisierung Schiene)"
Steffen Kampeter,06.07.2016,Bundeskanzleramt,BK’in Angela Merkel (Gespräch mit BDA-Präsidium)
Dirk Niebel,06.06.2019,Auswärtiges Amt,St’in Antje Leendertse (Antrittsbesuch von Hr. Niebel)
Ronald Pofalla,06.06.2019,Finanzministerium,St Werner Gatzer (LufV)
Ronald Pofalla,06.06.2018,Finanzministerium,"St Werner Gatzer (Bundeshaushalt, u. a. Digitalisierung Schiene, Investitionen, Beteiligungsmanagement)"
Katherina Reiche,06.06.2018,Wirtschaftsministerium,BM Peter Altmaier (Wirtschaftsgespräch der Konrad-Adenauer-Stiftung)
Ronald Pofalla,06.06.2018,Wirtschaftsministerium,BM Peter Altmaier (Wirtschaftsgespräch der Konrad-Adenauer-Stiftung)
Ronald Pofalla,06.06.2016,Bundeskanzleramt,StM Helge Braun (Landesgruppensitzung mit der Deutschen Bahn AG)
Eckart von Klaeden,06.05.2020,Wirtschaftsministerium,BM Peter Altmaier (Kaufprämie)
Ole Schröder,06.05.2019,Verteidigungsministerium,PSt Peter Tauber (Netzausbau und Frequenzversteigerungen)
Ronald Pofalla,06.04.2020,Verkehrsministerium,"BM Andreas Scheuer, PSt Steffen Bilger, St’in Tamara Zieschang (Corona)"
Ronald Pofalla,06.03.2017,Wirtschaftsministerium,BM’in Brigitte Zypries
Ronald Pofalla,06.03.2017,Wirtschaftsministerium,BM’in Brigitte Zypries (16. Petersburger Dialog 2017)
Ronald Pofalla,06.02.2017,Umweltministerium,BM’in Barbara Hendricks
Steffen Kampeter,06.-09.2016,Wirtschaftsministerium,BM Sigmar Gabriel (Reise nach Kuba)
Katherina Reiche,05.10.2016,Gesundheitsministerium,St Lutz Stroppe (Innovationsfonds)
Ronald Pofalla,05.09.2019,Finanzministerium,St Werner Gatzer (LufV)
Ronald Pofalla,05.08.2020,"Finanzministerium, Verkehrsministerium","St Werner Gatzer, St Michael Güntner (Haushalt)"
Katherina Reiche,05.08.2020,Wirtschaftsministerium,St Andreas Feicht (Innogy)
Ronald Pofalla,05.07.2021,Innenministerium,St Markus Kerber (Telefonat zum Petersburger Dialog)
Katherina Reiche,05.06.2020,Bildungsministerium,St Wolf-Dieter Lukas (Energieforschung)
Katherina Reiche,05.06.2019,Bundeskanzleramt,StM’n Annette Widmann-Mauz (Arbeitsmarktchancen von Migrantinnen und Migranten)
Ronald Pofalla,05.06.2019,Bundeskanzleramt,BM Helge Braun (Stuttgart 21)
Ronald Pofalla,05.06.2014,Wirtschaftsministerium,BM Sigmar Gabriel
Katherina Reiche,05.05.2020,Justizministerium,St‘in Margaretha Sudhof (Corona-Lage aus Sicht der Energiewirtschaft und Zahlungsmoratorium)
Maria Böhmer,05.04.2019,Bildungsministerium,St Christian Luft (Bildung für nachhaltige Entwicklung)
Steffen Kampeter,05.04.2019,Bildungsministerium,St Christian Luft (BBiG-Novelle)
Eckart von Klaeden,05.03.2019,Finanzministerium,St Wolfgang Schmidt (Thema nicht nachgehalten)
Eckart von Klaeden,05.02.2020,Auswärtiges Amt,St’in Antje Leendertse (allgemeiner Austausch)
Uwe Beckmeyer,05.02.2020,Wirtschaftsministerium,St Andreas Feicht (energiepolitische Fragestellungen)
Eckart von Klaeden,05.02.2019,Finanzministerium,BM Olaf Scholz (Werksbesuch)
Hildegard Müller,04.12.2020,Wirtschaftsministerium,BM Peter Altmaier (u.a. EU Climate Target Plan und Corona)
Steffen Kampeter,04.11.2020,Bundeskanzleramt,"BK’in Angela Merkel, BM Helge Braun (Videokonferenz mit Mitgliedern des gemeinsamen Präsidiums von BDA und BDI -Themen: Wirtschaftliche Lage, Home-office, Lieferkettengesetz, Energie-und Klimapolitik)"
Steffen Kampeter,04.11.2020,Arbeitsministerium,St Björn Böhning (Lieferkettensorgfaltspflichtengesetz)
Hildegard Müller,04.11.2020,Wirtschaftsministerium,BM Peter Altmaier (Bündnis „Zukunft der Industrie“)
Hildegard Müller,04.11.2020,Wirtschaftsministerium,BM Peter Altmaier (Industriekonferenz 2020)
Steffen Kampeter,04.11.2020,Wirtschaftsministerium,BM Peter Altmaier (Bündnis „Zukunft der Industrie“)
Ronald Pofalla,04.11.2017,Umweltministerium,BM’in Barbara Hendricks
Ronald Pofalla,04.10.2018,Finanzministerium,St Werner Gatzer (Höhengleiche Kreuzungen)
Ronald Pofalla,04.10.2017,Umweltministerium,BM’in Barbara Hendricks
Steffen Kampeter,04.10.2016,Bundeskanzleramt,BK’in Angela Merkel
Steffen Kampeter,04.10.2016,Gesundheitsministerium,St Lutz Stroppe (allgemeiner Austausch)
Eckart von Klaeden,04.09.2020,Auswärtiges Amt,St’in Antje Leendertse (allgemeiner Austausch)
Ronald Pofalla,04.08.2020,Bundeskanzleramt,BM Helge Braun (Breitbandausbau)
Uwe Beckmeyer,04.08.2020,Finanzministerium,St Rolf Bösinger (Tabaksteuer)
Ronald Pofalla,04.07.2019,Bundeskanzleramt,BM Helge Braun (Breitband- und Mobilfunkversorgung)
Eckart von Klaeden,04.07.2019,Wirtschaftsministerium,"BM Peter Altmaier, PSt Thomas Bareiß (Strategiedialog Automobilwirtschaft Baden-Württemberg)"
Uwe Beckmeyer,04.06.2021,Wirtschaftsministerium,St Ulrich Nußbaum (Energiepolitik)
Ronald Pofalla,04.06.2020,Wirtschaftsministerium,BM Peter Altmaier (Bahnprojekte und Kohleausstieg)
Karl-Theodor zu Guttenberg,04.06.2019,Wirtschaftsministerium,PSt Thomas Bareiß (Wirtschaftstag 2019 des Wirtschaftsrates der CDU)
Jan Mücke,04.02.2019,Bundeskanzleramt,StM Hendrik Hoppenstedt (Gespräch mit Vertretern der Tabakwirtschaft)
Hildegard Müller,03.12.2020,Wirtschaftsministerium,BM Peter Altmaier (Ladeinfrastruktur)
Ronald Pofalla,03.12.2018,Auswärtiges Amt,BM Heiko MAuswärtiges Amts (Petersburger Dialog)
Katherina Reiche,03.12.2018,Wirtschaftsministerium,PSt Thomas Bareiß (Art. 36a EU-Strommarktrichtlinie)
Ronald Pofalla,03.11.2016,Justizministerium,BM Heiko MAuswärtiges Amts (Stiftung Deutsches Forum für Kriminalprävention)
Karl-Theodor zu Guttenberg,03.09.2019,Bundeskanzleramt,BK’in Angela Merkel
Hildegard Müller,03.07.2021,Finanzministerium,St Jörg Kukies (Petersberger Sommerdialog)
Ronald Pofalla,03.07.2020,Bundeskanzleramt,StM Hendrik Hoppenstedt (S-Bahn-Linie 21)
Ronald Pofalla,03.07.2020,Bundeskanzleramt,BM Helge Braun (Instandhaltungswerk Cottbus)
Maria Böhmer,03.07.2019,Auswärtiges Amt,St’in Antje Leendertse (Gespräch zum Thema UNESCO)
Steffen Kampeter,03.07.2019,Gesundheitsministerium,PSt’in Sabine Weiss (allgemeiner Austausch)
Steffen Kampeter,03.07.2019,Wirtschaftsministerium,St Ulrich Nußbaum (NAP)
Ronald Pofalla,03.07.2018,Wirtschaftsministerium,St Ulrich Nußbaum (Kohlekommission)
Steffen Kampeter,03.07.2018,Wirtschaftsministerium,BM Peter Altmaier (Abendessen mit dem BDA-Vizepräsidium)
Rainer Brüderle,03.07.2018,Gesundheitsministerium,BM Jens Spahn (Fachkräftemangel in der Pflege und pflegerische Versorgung)
Dirk Niebel,03.07.2015,Auswärtiges Amt,St Stephan Steinlein (Gespräch zu versch. Themen)
Steffen Kampeter,03.06.2021,Wirtschaftsministerium,St Ulrich Nußbaum (Regelmäßige Verbänderunde zu Corona)
Steffen Kampeter,03.04.2019,Wirtschaftsministerium,PSt Thomas Bareiß (Vorstandssitzung Parlamentskreis Mittelstand)
Eckart von Klaeden,03.03.2021,Wirtschaftsministerium,PSt Thomas Bareiß (IPCEI Wasserstoff)
Steffen Kampeter,03.03.2020,Bildungsministerium,PSt Michael Meister (Mitgliedschaft des BDA in der Gesell- schaft zum Studium strukturpolitischer Fragen e.V.)
Ralf Brauksiepe,03.03.2020,Wirtschaftsministerium,PSt Thomas Bareiß (Abendessen mit stellv. Premierminister und Außenminister von Katar)
Steffen Kampeter,02.12.2019,Bundeskanzleramt,BK’in Angela Merkel; BM Helge Braun (Gespräch mit Mitgliedern des gemeinsamen Präsidiums von BDA und BDI)
Eckart von Klaeden,02.11.2020,"Finanzministerium, Wirtschaftsministerium","BM Olaf Scholz, BM Peter Altmaier (Transformation Automobilindustrie)"
Hildegard Müller,02.11.2020,"Finanzministerium, Wirtschaftsministerium","BM OlafScholz, BM PeterAltmaier (Transformation Automobilindustrie)"
Hildegard Müller,02.11.2020,Verkehrsministerium,BM Andreas Scheuer und zahlreiche weitere Teilnehmer (Transformation der Autoindustrie)
Eckart von Klaeden,02.11.2020,Wirtschaftsministerium,BM Peter Altmaier (Konzertierte Aktion Mobilität)
Hildegard Müller,02.11.2020,Wirtschaftsministerium,BM Peter Altmaier (Konzertierte Aktion Mobilität)
Eckart von Klaeden,02.11.2017,Bundeskanzleramt,StM Helge Braun (Automobilthemen)
Katherina Reiche,02.07.2021,Bundeskanzleramt,BM Helge Braun (Nationaler Wasserstoffrat)
Ronald Pofalla,02.07.2020,Finanzministerium,St Werner Gatzer (Einzelwagenverkehr)
Maria Böhmer,02.07.2019,Ernährungs- und Landwirtschaftsministerium,BM’in Julia Klöckner (Sommerfest der Landesgruppe)
Eckart von Klaeden,02.06.2021,Wirtschaftsministerium,BM Peter Altmaier (Austausch über aktuelle wirtschaftspolitische Entwicklungen auf Einladung von Prof. Dr. Norbert Lammert)
Katherina Reiche,02.06.2021,Wirtschaftsministerium,BM Peter Altmaier (Austausch über aktuelle wirtschaftspolitische Entwicklungen auf Einladung von Norbert Lammert)
Steffen Kampeter,02.05.2018,Bundeskanzleramt,StM’n Annette Widmann-Mauz (Arbeitsmarktchancen von Migrantinnen und Migranten)
Eckart von Klaeden,02.04.2019,Entwicklungshilfeministerium,"PSt Norbert Barthle (Lieferketten, E-Fuels, Allianz für Klima und Entwicklung)"
Hildegard Müller,02.03.2021,Wirtschaftsministerium,BM Peter Altmaier (KI Kompetenz aus Deutschland für Autonomes Fahren)
Eckart von Klaeden,02.-03.04.2019,Wirtschaftsministerium,BM Peter Altmaier (Reise in die Russische Föderation)
Ronald Pofalla,01.11.2019,"Finanzministerium, Verkehrsministerium","St Werner Gatzer, St Michael Güntner (Mittelverwendung Eigenkapitalerhöhung 2020-2030)"
Eckart von Klaeden,01.10.2018,Wirtschaftsministerium,St Ulrich Nußbaum
Daniel Bahr,01.07.2020,Gesundheitsministerium,BM Jens Spahn (Rede mit anschließender Diskussion beim Krankenversicherungsforum VK)
Ronald Pofalla,01.07.2020,Verkehrsministerium,St Michael Güntner (BHO-Anträge allgemein)
Ronald Pofalla,01.07.2020,Verkehrsministerium,"BM Andreas Scheuer, PSt Enak Ferlemann, St’in Tamara Zieschang, St Michael Güntner (Digitalisierung Schiene)"
Ronald Pofalla,01.07.2019,Finanzministerium/Verkehrsministerium,"St Werner Gatzer, St Gerhard Schulz (LufV)"
Steffen Kampeter,01.04.2019,Bildungsministerium,St Christian Luft (BBiG-Novelle)
Hildegard Müller,01.03.2020,Verkehrsministerium,PSt Enak Ferlemann (Klausurtagung AG Verkehr)
Maria Böhmer,01.02.2020,Auswärtiges Amt,StM‘in Michelle Müntefering (Festakt Welterbe Augsburger Wasser management-System)
Brigitte Zypries,-,Umweltministerium,BM’in Svenja Schulze
Daniel Bahr,-,Umweltministerium,BM’in Barbara Hendricks BM’in Svenja Schulze
Dirk Niebel,-,Umweltministerium,BM’in Barbara Hendricks BM’in Svenja Schulze
Eckart von Klaeden,-,Umweltministerium,PSt’in Rita Schwarzelühr-Sutter (Gespräch mit der Landesgruppe Baden-Württemberg der SPD- Bundestagsfraktion)
Jan Mücke,-,Umweltministerium,BM’in Barbara Hendricks BM’in Svenja Schulze
Johanna Wanka,-,Umweltministerium,BM’in Svenja Schulze
Maria Böhmer,-,Umweltministerium,BM’in Barbara Hendricks BM’in Svenja Schulze
Ole Schröder,-,Umweltministerium,BM’in Barbara Hendricks BM’in Svenja Schulze
Steffen Kampeter,-,Umweltministerium,BM’in Barbara Hendricks BM’in Svenja Schulze
Ulrike Flach,-,Umweltministerium,BM’in Barbara Hendricks BM’in Svenja Schulze
Uwe Beckmeyer,-,Umweltministerium,BM’in Barbara Hendricks BM’in Svenja Schulze
Brigitte Zypries,-,Wirtschaftsministerium,St’n Claudia Dörr-Voß (Telefonat zum Thema Frauennetzwerk)
Christian Hirte,-,Wirtschaftsministerium,PSt Marco Wanderwitz (Vielzahl von Kontakten als Amtsnachfolger und durch die gemeinsame BT-Fraktion; im Einzelnen nicht erfasst)
Steffen Kampeter, 22.02.2021,Arbeitsministerium,St Björn Böhning (diverse Themen der Arbeits- und Sozialpolitik)
Steffen Kampeter, 12.11.2020,Arbeitsministerium,St Björn Böhning (Lieferkettensorgfaltspflichtengesetz)
Steffen Kampeter, 09.03.2021,Arbeitsministerium,St Björn Böhning (diverse Themen der Arbeits- und Sozialpolitik)
Ole Schröder, 04.02.2020,Finanzministerium,St Rolf Bösinger (Kampfmittelbeseitigung auf Helgoland)
Brigitte Zypries,September 2018,Wirtschaftsministerium,St’in Claudia Dörr-Voß (Rx-Medikamente)
Stefan Müller,seit dem 20.11.2018,Verkehrsministerium,St Guido Beermann (regelmäßige Treffen im Rahmen der AR-Sitzungen der DB AG)
Steffen Kampeter,seit 19.03.2020,Wirtschaftsministerium,St Ulrich Nußbaum (Regelmäßige Telefonschaltkonferenzen mit Verbänden zu Auswirkungen Corona)
Ronald Pofalla,Regelmäßiger Austausch,Verkehrsministerium,St’in Tamara Zieschang steht als Mitglied des Aufsichtsrates der Deutschen Bahn AG im Vorfeld und während Gremiensitzungen im regelmäßigem Austausch mit Herrn Ronald Pofalla.
Christian Hirte,Regelmäßiger Aus- tausch,Innenministerium,PSt Volkmar Vogel (Im Rahmen der Zuständigkeiten eines Pst im parlamentarischen Bereich Sitzungen des Bauausschuss und der zugehörigen Arbeitsgruppe)
Ronald Pofalla,Regelmäßiger Aus- tausch,Verkehrsministerium,"Im Rahmen der Ressortzuständigkeit des Verkehrsministerium hatten BM Andreas Scheuer, Beauftragter der Bundesregierung für den Schienenverkehr PSt Enak Ferlemann, PSt Steffen Bilger sowie St Michael Güntner und St’in Tamara Zieschang – letztere in ihrer Funktion als Mitglied des Aufsichtsrates der Deutsche Bahn AG (DB AG) im Vorfeld und während Gremiensitzung -  zahlreiche dienstliche Kontakte mit dem VorstandInfrastruktur der DeutschenBahn AG, Ronald Pofalla, zu diversen Themen mit Bezug zu Angelegenheiten der DB AG."
Ronald Pofalla,regelmäßige Treffen und Gespräche,Verkehrsministerium,BM Andreas Scheuer; St Guido Beermann; St Michael Güntner; PSt Steffen Bilger; PSt Enak Ferlemann
Steffen Kampeter,regelmäßig zwischen 31.10.2015 und 07.10.2019,Bundeskanzleramt,"BM Peter Altmaier (als ChefBK bis 14.3.2018), BM Helge Braun, regelmäßiger Austausch mit Herrn Kampeter in seiner Funktion als HGF des BDA"
Steffen Kampeter,Regelmäßig zwischen 07.10.2019 und 03.08.2020,Bundeskanzleramt,"BM Helge Braun, regelmäßiger Austausch mit Herrn Kampeter in seiner Funktion als HGF des BDA"
Steffen Kampeter,Regelmäßig seit 04.04.2018,Arbeitsministerium,"BM Hubertus Heil, St Björn Böhning"
Steffen Kampeter,Regelmäßig 06.06.2018 bis 31.01.2019,Arbeitsministerium,"St’n Leonie Gebers (Kommission „Wachstum, Strukturwandel und Beschäftigung“)"
Ronald Pofalla,Regelmäßig 06.06.2018 bis 31.01.2019,Arbeitsministerium,"St’n Leonie Gebers (Kommission „Wachstum, Strukturwandel und Beschäftigung“)"
Katherina Reiche,Nov. 2017,Bundeskanzleramt,BM Peter Altmaier (Energiepolitik)
Ole Schröder,Mitte Juni 2020,Bundeskanzleramt,StM Hendrik Hoppenstedt (Gesetzesentwurf zur weiteren Verkürzung des Restschuldbefreiungsverfahrens)
Maria Böhmer,Diverse Termine 2018/2019,Auswärtiges Amt,StM’in Michelle Müntefering (Deutsche UNESCO Kommission)
Ole Schröder,April 2020,Wirtschaftsministerium,PSt Marco Wanderwitz (Restschuldverfahren)